,0,AAPL,SPY
2017-11-20,0.023700000000000002,-0.0009991184249192875,0.0015899484236241435
2017-11-21,0.0236,0.018590422402635642,0.006388415672913261
2017-11-22,0.0232,0.010511724615917872,-0.000538606547916709
2017-11-24,0.023399999999999997,5.71559213533579e-05,0.0022325724623732945
2017-11-27,0.0232,-0.005029433617191548,-0.0005376963551867453
2017-11-28,0.023399999999999997,-0.005859038428399188,0.009991161664681059
2017-11-29,0.023700000000000002,-0.02074305194430004,-0.0003804740706919718
2017-11-30,0.0242,0.01398395090866189,0.008145244167015564
2017-12-01,0.023700000000000002,-0.004655222577829354,-0.0015479291728018874
2017-12-04,0.023700000000000002,-0.007307804735457446,-0.0013234515616726839
2017-12-05,0.0236,-0.0009422850412250661,-0.0034455340577790317
2017-12-06,0.0233,-0.0037137467578400862,0.0001139817629181028
2017-12-07,0.023700000000000002,0.002615229868055291,0.0030771568590206577
2017-12-08,0.023799999999999998,-0.0004839128484762645,0.005453719133464707
2017-12-11,0.0239,0.0194839700064946,0.0032394153985233487
2017-12-12,0.024,-0.0056176521688769965,0.0017271157167531026
2017-12-13,0.0236,0.00331974373907995,-0.0002248875562218533
2017-12-14,0.0235,-0.00029024206187966417,-0.003936417485191579
2017-12-15,0.0235,0.009580768784113403,0.003161579284127969
2017-12-18,0.0239,0.014666129867141997,0.006378268862792247
2017-12-19,0.0246,-0.010656388164607122,-0.0036535808820788995
2017-12-20,0.024900000000000002,-0.0010885756846568118,-0.0005612722170251772
2017-12-21,0.0248,0.003785488958990557,0.0016473230999625166
2017-12-22,0.0248,0.0,-0.00018688794199006598
2017-12-26,0.024700000000000003,-0.025369978858350906,-0.001271075554226453
2017-12-27,0.0242,0.00017588087002406994,0.0007486430844096947
2017-12-28,0.024300000000000002,0.0028135990621338536,0.0019076117449037255
2017-12-29,0.024,-0.010813654430675834,-0.0034346300306130617
2018-01-02,0.0246,0.0179046268392129,0.006855473140031432
2018-01-03,0.024399999999999998,-0.00017415534656917142,0.006325110689437308
2018-01-04,0.0246,0.004644951518318674,0.004066994491070952
2018-01-05,0.024700000000000003,0.011385308905970115,0.0067385941009683314
2018-01-08,0.024900000000000002,-0.003714285714285781,0.0018653986832481984
2018-01-09,0.0255,-0.00011471178663602366,0.0022635172136831194
2018-01-10,0.0255,-0.00022944989387951864,-0.0016391651185662104
2018-01-11,0.0254,0.005680188192093594,0.00733362521891423
2018-01-12,0.0255,0.010326335006846099,0.006700713535441327
2018-01-16,0.0254,-0.005082161612739333,-0.003166150967834791
2018-01-17,0.025699999999999997,0.0165162608547591,0.00920378257417176
2018-01-18,0.0262,0.0008933556672250376,-0.001537856299846263
2018-01-19,0.0264,-0.004462791476068206,0.004334121355397791
2018-01-22,0.026600000000000002,-0.008181105009525957,0.008131531081707832
2018-01-23,0.0263,0.00022598870056489417,0.0020164856546502907
2018-01-24,0.0265,-0.015928603705377298,-0.0004236689733089216
2018-01-25,0.0263,-0.017850992997359594,0.0006357728171799693
2018-01-26,0.026600000000000002,0.0023376775173864495,0.011507236145428923
2018-01-29,0.027000000000000003,-0.020698501545099335,-0.006700167504187671
2018-01-30,0.0273,-0.005894260538223395,-0.010574761101742491
2018-01-31,0.027200000000000002,0.0027549859256155163,0.0009942122643185058
2018-02-01,0.0278,0.0020904258496088346,-0.0008158632187578174
2018-02-02,0.028399999999999998,-0.04416497794731189,-0.021904288554387974
2018-02-05,0.0277,-0.02419405125646934,-0.0413778084280062
2018-02-06,0.0279,0.04179180778324487,0.018742190753852528
2018-02-07,0.028399999999999998,-0.021407102987180293,-0.0051661339478182855
2018-02-08,0.0285,-0.0275166102544816,-0.03698584077408762
2018-02-09,0.028300000000000002,0.0081211730583306,0.01540132676416972
2018-02-12,0.0286,0.04027875455533536,0.01367769542293873
2018-02-13,0.028300000000000002,0.010017823120889835,0.002751394542439334
2018-02-14,0.0291,0.018437385907265513,0.013606464950197239
2018-02-15,0.028999999999999998,0.03357829957579028,0.012088849334371599
2018-02-16,0.0287,-0.00323718133996187,0.0008427069211887073
2018-02-20,0.0288,-0.003363683813721541,-0.0062966759408406014
2018-02-21,0.0294,-0.004538842013383726,-0.005415561450044071
2018-02-22,0.0292,0.00894370725434035,0.0010741934288993615
2018-02-23,0.0288,0.017120509849362753,0.016243617257455822
2018-02-26,0.0286,0.01945259320440873,0.01186965228472614
2018-02-27,0.028999999999999998,-0.0032407666089289133,-0.012701953869957983
2018-02-28,0.0287,-0.0015135377543583628,-0.01082440411108676
2018-03-01,0.0281,-0.017516281158769353,-0.013595667071957585
2018-03-02,0.0286,0.006914285714285651,0.005154639175257714
2018-03-05,0.0288,0.003461778559673112,0.011222593831289318
2018-03-06,0.0288,-0.0008483203257549921,0.0026091430251358183
2018-03-07,0.028900000000000002,-0.009282843719929712,0.0
2018-03-08,0.0286,0.010912415014568966,0.004398343290693774
2018-03-09,0.028999999999999998,0.017180965298971396,0.017260883844834485
2018-03-12,0.0287,0.009667740860095586,-0.0007892093557180235
2018-03-13,0.028399999999999998,-0.009630200308166414,-0.00653407051051913
2018-03-14,0.0281,-0.008501416902817138,-0.005312228967909949
2018-03-15,0.0282,0.0011768661735036545,-0.000799273387829369
2018-03-16,0.0285,-0.0035264483627204246,-0.0029451332581897915
2018-03-19,0.0285,-0.015279182114369183,-0.013164612355043404
2018-03-20,0.028900000000000002,-0.0003422703936110105,0.0011825135804293119
2018-03-21,0.028900000000000002,-0.022654645058205913,-0.0019562248551286965
2018-03-22,0.028300000000000002,-0.014158930343901477,-0.02474112426035502
2018-03-23,0.0282,-0.023127720690574227,-0.021595692237685316
2018-03-26,0.0285,0.047471807930156595,0.0276146735654903
2018-03-27,0.0278,-0.02564102564102566,-0.016519574564381023
2018-03-28,0.0277,-0.01104906736366884,-0.0034897990489337616
2018-03-29,0.0274,0.0078087457952908945,0.013777179141812423
2018-04-02,0.0273,-0.006556204553582079,-0.022434802414303734
2018-04-03,0.0279,0.010259179265658558,0.01246505125815478
2018-04-04,0.0279,0.019122275669576805,0.011697925056571856
2018-04-05,0.028300000000000002,0.006934327836373155,0.00686177875502314
2018-04-06,0.0277,-0.025578703703703742,-0.022177039798185083
2018-04-09,0.0278,0.0099180425228651,0.0043511744320370305
2018-04-10,0.027999999999999997,0.018817994707438945,0.016332477092358966
2018-04-11,0.0279,-0.004675324675324721,-0.005205779169338731
2018-04-12,0.028300000000000002,0.00985850150777079,0.008305714610746806
2018-04-13,0.0282,0.0028712530148156112,-0.0029721666353892395
2018-04-16,0.028300000000000002,0.006756756756756799,0.008524763305797656
2018-04-17,0.0282,0.01376407689682635,0.010322773684407371
2018-04-18,0.0287,-0.002244165170556589,0.0008884611113169072
2018-04-19,0.0292,-0.028340080971659853,-0.0055479528054147575
2018-04-20,0.0296,-0.0409722222222223,-0.008219585673373664
2018-04-23,0.0298,-0.002896451846488013,-0.00033750843771107597
2018-04-24,0.03,-0.013919147906076068,-0.013242300333870971
2018-04-25,0.030299999999999997,0.004357432183625942,0.0022430048661798985
2018-04-26,0.03,0.003483043079743231,0.009900238971285669
2018-04-27,0.0296,-0.011569845329436168,0.0012770432692306155
2018-04-30,0.029500000000000002,0.01811237062592408,-0.007689999249756219
2018-05-01,0.0297,0.023236112791964247,0.0016255245151779452
2018-05-02,0.0297,0.04417504435245423,-0.0067557367149757575
2018-05-03,0.0294,0.0018123123973494693,-0.0022038986206636135
2018-05-04,0.029500000000000002,0.039233421900616294,0.012681366388666904
2018-05-07,0.029500000000000002,0.007234945329924303,0.0037605294825511226
2018-05-08,0.0297,0.004806653704903852,-0.0001123932264349703
2018-05-09,0.03,0.0070411179790379474,0.00966690396792691
2018-05-10,0.0297,0.014304013663535287,0.009388800237503103
2018-05-11,0.0297,-0.007629972637339444,0.0023529411764704466
2018-05-14,0.03,-0.002333103557982885,0.0011370305164319916
2018-05-15,0.0308,-0.009088493223491922,-0.007034255358124297
2018-05-16,0.030899999999999997,0.009332761210040896,0.004132383868944434
2018-05-17,0.0311,-0.006323732596450249,-0.0005144221936431714
2018-05-18,0.030600000000000002,-0.003636558104711529,-0.0024631447373258952
2018-05-21,0.030600000000000002,0.007084965917020014,0.007444534532321301
2018-05-22,0.030600000000000002,-0.0018653733411501117,-0.0028533801580334917
2018-05-23,0.0301,0.005766766339171392,0.002898231711791155
2018-05-24,0.0298,-0.0011148863877681325,-0.0019387643121046017
2018-05-25,0.029300000000000003,0.002285410576667646,-0.0023090455944876354
2018-05-29,0.0277,-0.0036058967016651122,-0.011351530068696825
2018-05-30,0.028399999999999998,-0.002128791910590788,0.012893876337693122
2018-05-31,0.028300000000000002,-0.0033600000000000296,-0.006529953409882827
2018-06-01,0.028900000000000002,0.018033927329159427,0.010339352313430084
2018-06-04,0.0294,0.008357863751051298,0.004678191586564795
2018-06-05,0.0292,0.007715164468539815,0.0010913456291608004
2018-06-06,0.0297,0.003465935543944809,0.008139830662451386
2018-06-07,0.029300000000000003,-0.002680688730796854,-0.00021627077100527803
2018-06-08,0.029300000000000003,-0.00909748785278619,0.0030644986840682176
2018-06-11,0.0296,-0.0024517475221700336,0.0012939400474443197
2018-06-12,0.0296,0.005490770276630252,0.0013999569244025345
2018-06-13,0.0298,-0.008217183274391582,-0.0034412302398109107
2018-06-14,0.0294,0.000524383848977461,0.002409985252329161
2018-06-15,0.029300000000000003,-0.010272536687631062,-0.005920769341180021
2018-06-18,0.0292,-0.0005295488244015933,-0.0015882756380175556
2018-06-19,0.028900000000000002,-0.01615979654551236,-0.004013160273328653
2018-06-20,0.029300000000000003,0.00436210889116273,0.0019239146217511216
2018-06-21,0.028999999999999998,-0.005576407506702408,-0.006412811130031448
2018-06-22,0.028999999999999998,-0.00291167906826284,0.0018961493582263511
2018-06-25,0.0287,-0.014871295695435882,-0.013429902460329046
2018-06-26,0.0288,0.012405994400834564,0.001881432840225683
2018-06-27,0.028300000000000002,-0.001463970069945253,-0.006554238161867509
2018-06-28,0.028399999999999998,0.0072762814943527765,0.00411415863602671
2018-06-29,0.0285,-0.0021024258760107273,0.001587242995828797
2018-07-02,0.0287,0.011182540111285055,0.0018427065674062604
2018-07-03,0.028300000000000002,-0.01741639064002576,-0.0035314891112417923
2018-07-05,0.028399999999999998,0.008046976946498585,0.00790017720023628
2018-07-06,0.0282,0.013861920172599795,0.008570800673943335
2018-07-09,0.0286,0.0138851944459224,0.009224288204532138
2018-07-10,0.0287,-0.0012068422709624604,0.003274559193954696
2018-07-11,0.0285,-0.012976096664039871,-0.006814676661525687
2018-07-12,0.0285,0.017191824568873804,0.008594850312375835
2018-07-13,0.028300000000000002,0.001151169483543546,0.000966737083318403
2018-07-16,0.0285,-0.002195160194428558,-0.0006080984404064349
2018-07-17,0.0286,0.002828557959247746,0.0037223952181539843
2018-07-18,0.0288,-0.005484460694698212,0.0022465499411616907
2018-07-19,0.028399999999999998,0.007773109243697451,-0.00391375507009184
2018-07-20,0.028900000000000002,-0.002293099854075442,-0.0008572653236175176
2018-07-23,0.0296,0.0008880066861680636,0.0018590018590018964
2018-07-24,0.029500000000000002,0.007254318668127979,0.0046745646588637335
2018-07-25,0.0294,0.009430051813471563,0.009199076540578943
2018-07-26,0.0298,-0.0031310953700851574,-0.002956289153234204
2018-07-27,0.0296,-0.016631481386128466,-0.006494881750794268
2018-07-30,0.0298,-0.0056026809089956275,-0.005542528245576661
2018-07-31,0.0296,0.002000947817387244,0.004608788853161849
2018-08-01,0.03,0.05891008460770397,-0.001066894270777774
2018-08-02,0.0298,0.02923076923076917,0.005233365374345933
2018-08-03,0.029500000000000002,0.0028930999566036952,0.004462388440289011
2018-08-06,0.0294,0.005192557334487091,0.003666878217333025
2018-08-07,0.0298,-0.009374850528531042,0.003231925806224778
2018-08-08,0.0296,0.0006759692916806781,-0.0004902304082918807
2018-08-09,0.029300000000000003,0.007864897466827392,-0.0012261771300449142
2018-08-10,0.0287,-0.006463040980467238,-0.006769791995509977
2018-08-13,0.0288,0.0064568977979087006,-0.0038140980364459454
2018-08-14,0.028900000000000002,0.00421314693349939,0.0061684628474192316
2018-08-15,0.0286,0.002336114421930935,-0.007293354943273878
2018-08-16,0.0287,0.014649923896499217,0.008269742679680503
2018-08-17,0.0287,0.01996999812488287,0.003308927062799283
2018-08-20,0.0282,-0.009743542605018862,0.0023156269735458146
2018-08-21,0.0285,-0.0019493177387914784,0.0020652478297393806
2018-08-22,0.0282,4.650297619046562e-05,-0.00020959234289308348
2018-08-23,0.0282,0.002046035805626678,-0.0014674539673664722
2018-08-24,0.0282,0.003109193001995303,0.006053395850099674
2018-08-27,0.0285,0.008234641006661825,0.007686421814134814
2018-08-28,0.0288,0.008075617142332625,0.00037793808028152576
2018-08-29,0.028900000000000002,0.01492944924897599,0.005556523524226309
2018-08-30,0.0286,0.009193649654677616,-0.0038771658946645804
2018-08-31,0.0286,0.011554015020219577,-0.00017222375310010918
2018-09-04,0.028999999999999998,0.003206958660985082,-0.001481379405381178
2018-09-05,0.028999999999999998,-0.006524785426519575,-0.0026566381451834653
2018-09-06,0.0288,-0.01661744611451499,-0.0031480264295844496
2018-09-07,0.0294,-0.008068130883012059,-0.0021862853970018303
2018-09-10,0.0294,-0.01342069588793493,0.0019476228567454346
2018-09-11,0.0298,0.025282828745476937,0.0036099829914264525
2018-09-12,0.0297,-0.012419030600848813,0.00017293259087614032
2018-09-13,0.0297,0.024155244945039955,0.005602047167853952
2018-09-14,0.029900000000000003,-0.01135108873282975,0.0004126547455296503
2018-09-17,0.029900000000000003,-0.026626161543960025,-0.0052248040698474885
2018-09-18,0.0305,0.0016522856618321757,0.005252246026261398
2018-09-19,0.0308,0.0005956744868034214,0.0011343324625325835
2018-09-20,0.030699999999999998,0.007601776800842508,0.007828326180257417
2018-09-21,0.030699999999999998,-0.010771258464754796,-0.005076142131979489
2018-09-24,0.0308,0.014380226040613842,-0.003287220928640089
2018-09-25,0.031,0.0063408668870872376,-0.0013054830287205776
2018-09-26,0.030600000000000002,-0.007966155092488436,-0.003078775369796949
2018-09-27,0.030600000000000002,0.020551674076762616,0.0030192715791652613
2018-09-28,0.0305,0.003511891531451594,-0.00037842300811896656
2018-10-01,0.030899999999999997,0.006733410117834682,0.0038889080083972516
2018-10-02,0.0305,0.008888497755874303,-0.0003085361672950926
2018-10-03,0.0315,0.01216852756454978,0.0005143856520695156
2018-10-04,0.0319,-0.017580902313956925,-0.007643268439813555
2018-10-05,0.0323,-0.016228781964121253,-0.0059406624529408925
2018-10-09,0.0321,0.013853510300755323,-0.0011118832522585276
2018-10-10,0.0322,-0.046326089831180806,-0.032037011270349414
2018-10-11,0.031400000000000004,-0.00882787946015906,-0.020591511841017596
2018-10-12,0.0315,0.035719281883889176,0.012732076025537387
2018-10-15,0.0316,-0.021385799828913643,-0.0055070468461286826
2018-10-16,0.0316,0.022037173352962736,0.020947939815658234
2018-10-17,0.0319,-0.004321404456448352,0.0006423065943477191
2018-10-18,0.0317,-0.023373570233735652,-0.014371300192568381
2018-10-19,0.032,0.015230071289695335,-0.0007608813632908884
2018-10-22,0.032,0.006110072500113972,-0.0041628693202290235
2018-10-23,0.0317,0.009426693859052815,-0.005490310147983846
2018-10-24,0.031,-0.034301620796480026,-0.030381690552793272
2018-10-25,0.031400000000000004,0.021897810218978186,0.01809886505033753
2018-10-26,0.0308,-0.015923566878980888,-0.017740083700603537
2018-10-29,0.0308,-0.018770226537216828,-0.005768795716763586
2018-10-30,0.031200000000000002,0.004994346023369678,0.015889870681482066
2018-10-31,0.0315,0.026066572902015972,0.010489771539495374
2018-11-01,0.031400000000000004,0.015352279996344587,0.009900624330414942
2018-11-02,0.0322,-0.06633066330663306,-0.005743132018875441
2018-11-05,0.032,-0.028388278388278287,0.00614422369389267
2018-11-06,0.0322,0.010814028473634663,0.0059970014992503096
2018-11-07,0.0322,0.030328311331403013,0.021409617970993278
2018-11-08,0.032400000000000005,-0.006954036675398845,-0.001850533807829069
2018-11-09,0.0319,-0.019281500311765565,-0.009483742156303543
2018-11-13,0.031400000000000004,-0.009991244785497289,-0.0016129653790466492
2018-11-14,0.031200000000000002,-0.02824741195442948,-0.006947507719453183
2018-11-15,0.0311,0.02467880085653107,0.010586711086433498
2018-11-16,0.0308,0.011075701374013924,0.0026372660342113274
2018-11-19,0.030600000000000002,-0.03963209838267967,-0.016841413071274625
2018-11-20,0.030600000000000002,-0.047777897342085596,-0.01846759809750309
2018-11-21,0.030600000000000002,-0.0005085320375183278,0.0033314404694302358
2018-11-23,0.0305,-0.02600486177850636,-0.006452099762290997
2018-11-26,0.030699999999999998,0.013523710023797264,0.015608385234695543
2018-11-27,0.030600000000000002,-0.0021761539342571856,0.003215794787420956
2018-11-28,0.030600000000000002,0.038452708907254385,0.022624771702262514
2018-11-29,0.030299999999999997,-0.0076821045650491415,-0.001494386936871317
2018-11-30,0.0301,-0.005402394876079075,0.006333272494980946
2018-12-03,0.0298,0.03494232276850706,0.01296769864156544
2018-12-04,0.0291,-0.043988745806730845,-0.031762515218792586
2018-12-06,0.0287,-0.011149470824608043,-0.0022929842079958407
2018-12-07,0.0285,-0.03565705128205121,-0.022648923156763034
2018-12-10,0.0285,0.006587928066947413,0.0015550329970415167
2018-12-11,0.028900000000000002,-0.005719339622641484,0.0001514749876927457
2018-12-12,0.0291,0.0027871671707289103,0.005376547650600028
2018-12-13,0.0291,0.010940272028385545,-0.0005649079200089613
2018-12-14,0.028900000000000002,-0.031997660134542305,-0.018124952897731528
2018-12-17,0.0286,-0.009306260575296044,-0.020723797827838952
2018-12-18,0.0282,0.01299255825301926,-0.0002351373594073891
2018-12-19,0.0277,-0.031191666164870235,-0.015953902238250217
2018-12-20,0.0279,-0.025234632357511222,-0.01565487571701707
2018-12-21,0.0279,-0.038895619460562525,-0.02630407510825139
2018-12-24,0.0274,-0.02587407947986453,-0.02593408420265164
2018-12-26,0.0281,0.07042157597221266,0.04923625037334123
2018-12-27,0.0277,-0.006489788127505114,0.00935506761633853
2018-12-28,0.027200000000000002,0.00051232788984934,-0.0019338463397929884
2018-12-31,0.0269,0.010369327273891171,0.009486134097606458
2019-01-02,0.026600000000000002,0.00044345898004438666,0.0005998080614202372
2019-01-03,0.0256,-0.09960739614994929,-0.024297646165527653
2019-01-04,0.026699999999999998,0.042689359307968244,0.033749744009829996
2019-01-07,0.027000000000000003,-0.0022258195062726527,0.007528032013946584
2019-01-08,0.0273,0.019063070371121427,0.009162766919658782
2019-01-09,0.0274,0.01698175787728018,0.005065856129685908
2019-01-10,0.0274,0.003196138542821858,0.004109801488833664
2019-01-11,0.0271,-0.009817945383615245,-0.0006564213452776579
2019-01-14,0.0271,-0.015037100269223114,-0.005641203972025721
2019-01-15,0.027200000000000002,0.020466666666666633,0.011190985039829071
2019-01-16,0.0273,0.012216632913046421,0.0028052107750833333
2019-01-17,0.0275,0.005937782367368083,0.007817290006131294
2019-01-18,0.0279,0.0061593737969971585,0.013003802281368992
2019-01-22,0.0274,-0.022446116566764318,-0.013062082426244292
2019-01-23,0.0276,0.00404435746901477,0.0015592910930251058
2019-01-24,0.027200000000000002,-0.007926195426195437,0.0009493070058856912
2019-01-25,0.0276,0.03313686967910945,0.008270106221547557
2019-01-28,0.0275,-0.009254563894523171,-0.007525020693806894
2019-01-29,0.027200000000000002,-0.010364683301343547,-0.0009856698764121319
2019-01-30,0.027000000000000003,0.06833462632531684,0.014875531268973896
2019-01-31,0.0263,0.007201210287443249,0.008861800777744566
2019-02-01,0.027000000000000003,0.0004806536890171742,0.0010007041992512455
2019-02-04,0.0273,0.02840499639682914,0.007146030805687209
2019-02-05,0.0271,0.017109489051094995,0.004227785743171397
2019-02-06,0.027000000000000003,0.0003444712366518221,-0.0012080831746963394
2019-02-07,0.0265,-0.018939393939394034,-0.00974966096103791
2019-02-08,0.0263,-0.003100503100503138,0.0013695080875004706
2019-02-11,0.0265,-0.005750836218531674,0.000554446662230923
2019-02-12,0.0268,0.008617128017470277,0.012449665669215682
2019-02-13,0.0271,-0.004154719410146779,0.0032474640589650328
2019-02-14,0.026600000000000002,0.003643201316253508,-0.0017821422076741422
2019-02-15,0.026600000000000002,-0.0022248243559720438,0.010639073088974715
2019-02-19,0.0265,0.002992606501584394,0.0018025812964164167
2019-02-20,0.0265,0.006435382905282783,0.0019792716280409017
2019-02-21,0.0269,-0.0056385514154507765,-0.0034838199906620515
2019-02-22,0.0265,0.011048754822869045,0.006127009298637853
2019-02-25,0.026699999999999998,0.00740098294304703,0.0015403352915888124
2019-02-26,0.0264,0.000573953968891816,-0.0008941664580278674
2019-02-27,0.0269,0.0030975735673721694,-0.0005727786926325029
2019-02-28,0.0273,-0.009835878080860061,-0.0018984167920339523
2019-03-01,0.0276,0.010511117528154701,0.006316167234882597
2019-03-04,0.027200000000000002,0.005029433617191437,-0.003673192824792393
2019-03-05,0.027200000000000002,-0.0018197327267557295,-0.0011453933710358077
2019-03-06,0.0269,-0.005754002164872096,-0.006163549057550455
2019-03-07,0.0264,-0.011574604629841945,-0.007968558448114171
2019-03-08,0.0262,0.002376811594202888,-0.002326173081815819
2019-03-11,0.0264,0.03464229946214803,0.014536048672082913
2019-03-12,0.026099999999999998,0.01123532699832297,0.0034472852628555373
2019-03-13,0.026099999999999998,0.004422088331214491,0.006763527054108209
2019-03-14,0.0263,0.01111661438555922,-0.00046209078306613804
2019-03-15,0.0259,0.013008218581614495,0.0004978662873398321
2019-03-18,0.026000000000000002,0.010208467655276277,0.0038387715930903177
2019-03-19,0.026099999999999998,-0.007924688862886997,0.00031867431485022024
2019-03-20,0.0254,0.008738540717310839,-0.003575094686913749
2019-03-21,0.0254,0.036830357142857206,0.01094138543516876
2019-03-22,0.024399999999999998,-0.020708390999025994,-0.018413100007027894
2019-03-25,0.024300000000000002,-0.012091075634650617,-0.0012171547218442491
2019-03-26,0.0241,-0.010331673201229297,0.007311827956989259
2019-03-27,0.0239,0.00899405749772475,-0.0053017364076288764
2019-03-28,0.0239,0.0013264710564016013,0.0041495260239670095
2019-03-29,0.0241,0.006517592200084632,0.006198567917067521
2019-04-01,0.024900000000000002,0.006791260858120651,0.011648079306072034
2019-04-02,0.0248,0.01453670780171512,0.0008749212570868803
2019-04-03,0.0252,0.006854963405834358,0.0016084478478268771
2019-04-04,0.025099999999999997,0.0017404658305606446,0.002548437772735168
2019-04-05,0.025,0.006694261331698037,0.004666063096315787
2019-04-08,0.0252,0.015736040609137136,0.0009704699847499221
2019-04-09,0.025099999999999997,-0.0029985007496251548,-0.005090027700831112
2019-04-10,0.0248,0.0056140350877194045,0.003341106045313902
2019-04-11,0.025099999999999997,-0.008324194995513956,-0.00020812376426515566
2019-04-12,0.0256,-0.00040211108318666255,0.006591957811469928
2019-04-15,0.0255,0.0018102277869964656,-0.0005170096163787941
2019-04-16,0.026000000000000002,0.00010038648797872085,0.0006569418580590902
2019-04-17,0.0259,0.01947302383939764,-0.0024140979182928346
2019-04-18,0.025699999999999997,0.003593757692118338,0.001796386499464564
2019-04-22,0.0259,0.0032865692141665903,0.0010690023793924475
2019-04-23,0.025699999999999997,0.01442331198357194,0.008921805029279861
2019-04-24,0.0253,-0.0015423173317909988,-0.002321690737136839
2019-04-25,0.0254,-0.009075111025294458,-0.0002737757092501347
2019-04-26,0.025099999999999997,-0.00477396726422441,0.004381610926642354
2019-04-29,0.0254,0.001517376407244253,0.0012610340479191073
2019-04-30,0.025099999999999997,-0.0192561458384245,0.0003063516917423126
2019-05-01,0.0252,0.04908556336273495,-0.006975873685643341
2019-05-02,0.0255,-0.006507695230856925,-0.002364471249400313
2019-05-03,0.0254,0.012431269423858415,0.009789441143132072
2019-05-06,0.025099999999999997,-0.015442739079102763,-0.003911830736784916
2019-05-07,0.0245,-0.026957022256331453,-0.01632346412594332
2019-05-08,0.024900000000000002,0.00019718032140381148,-0.0011109182433605147
2019-05-09,0.0245,-0.010744208969935998,-0.003684009314287695
2019-05-10,0.024700000000000003,-0.017636508569151,0.004744130882198938
2019-05-13,0.024,-0.05811948473476014,-0.024440162483074568
2019-05-14,0.0242,0.015830282145164798,0.008503846215441424
2019-05-15,0.023700000000000002,0.01197922188063183,0.006246030065636177
2019-05-16,0.024,-0.004399748585794949,0.008872523233385943
2019-05-17,0.0239,-0.005681818181818232,-0.006048387096774244
2019-05-20,0.0241,-0.031269841269841225,-0.006924529621598952
2019-05-21,0.024300000000000002,0.019170899557594545,0.008874489364699478
2019-05-22,0.0239,-0.0204715969989282,-0.003001954761239878
2019-05-23,0.0231,-0.017069701280227667,-0.012008962957776093
2019-05-24,0.0232,-0.0038405877769119856,0.002693220879549152
2019-05-28,0.0226,-0.00413477119070238,-0.009330270365788929
2019-05-29,0.0225,-0.0047691185546765436,-0.007313331668509893
2019-05-30,0.0222,0.0051866050287519005,0.002587508085962975
2019-05-31,0.021400000000000002,-0.018115535614133593,-0.01293999569861648
2019-06-03,0.0207,-0.010110241617638516,-0.002759923012673804
2019-06-04,0.0212,0.03658395845354856,0.02141218455263827
2019-06-05,0.0212,0.016143397906924983,0.008485150985774847
2019-06-06,0.0212,0.014681713597019863,0.006752218333510029
2019-06-07,0.0209,0.026616996004751092,0.009832151134208988
2019-06-10,0.0215,0.012779384696292473,0.004696084567772374
2019-06-11,0.0215,0.011579603281753004,-7.095131874268468e-05
2019-06-12,0.0213,-0.0031825881628253505,-0.0021113841680800993
2019-06-13,0.021,-0.00020598383026926292,0.004439819632327424
2019-06-14,0.0209,-0.007262425959309815,-0.0012086470060085341
2019-06-17,0.0209,0.005966587112171684,0.0008297894409294848
2019-06-18,0.0206,0.023518489865387515,0.009845579852834296
2019-06-19,0.0203,-0.0029226505416980464,0.002360426929392423
2019-06-20,0.020099999999999996,0.008035578915449593,0.009794887546500153
2019-06-21,0.0207,-0.0034092048531033647,-0.006353927267811255
2019-06-24,0.0202,-0.0010061374383740773,-0.0011564625850338794
2019-06-25,0.02,-0.015157619095578667,-0.009807260096710624
2019-06-26,0.020499999999999997,0.021629084215370575,-0.0009285370383106395
2019-06-27,0.020099999999999996,-0.0003003003003002602,0.003476644521703154
2019-06-28,0.02,-0.00911184539901888,0.005419868276619333
2019-07-01,0.0203,0.018340743734842402,0.008461276015011787
2019-07-02,0.019799999999999998,0.0058546266435126615,0.002909533797956554
2019-07-03,0.0196,0.008286884032950192,0.007961138847659033
2019-07-05,0.0204,-0.000880583141725011,-0.0017737617135208383
2019-07-08,0.020499999999999997,-0.02061401361210391,-0.004727260535756117
2019-07-09,0.0207,0.006099390060993803,0.0012463787644008129
2019-07-10,0.0207,0.009888690121248267,0.004642869158564045
2019-07-11,0.0213,-0.0072823894110121135,0.002377683265798236
2019-07-12,0.0212,0.007682775712515522,0.004443405051449911
2019-07-15,0.0209,0.009394982784062922,0.0006319640778313929
2019-07-16,0.0213,-0.0034598703766873795,-0.003523467623986143
2019-07-17,0.0206,-0.005623471882640563,-0.006671559143371808
2019-07-18,0.0204,0.0113597246127366,0.0036604204446235578
2019-07-19,0.020499999999999997,-0.014927550325780414,-0.005386957540067683
2019-07-22,0.020499999999999997,0.022854040179673296,0.001850232120029549
2019-07-23,0.0208,0.007817778206736792,0.007286524965582242
2019-07-24,0.020499999999999997,-0.0008140203026241188,0.004733648909927224
2019-07-25,0.0208,-0.007907221929361996,-0.004744525547445089
2019-07-26,0.0208,0.003477924838179991,0.006633996733006464
2019-07-29,0.0206,0.009338596322326032,-0.0015564975493441713
2019-07-30,0.0206,-0.004292254864555534,-0.0023218017181332318
2019-07-31,0.0202,0.020404253280965623,-0.011270321486751667
2019-08-01,0.019,-0.021639128802102836,-0.008069939475453869
2019-08-02,0.018600000000000002,-0.02115818260327207,-0.008067796610169431
2019-08-05,0.0175,-0.052347809038329585,-0.029287130066297573
2019-08-06,0.0173,0.018930381710975386,0.012955465587044523
2019-08-07,0.0171,0.01035532994923849,0.0014944566086261268
2019-08-08,0.0172,0.02205586816720273,0.018843697945585713
2019-08-09,0.0174,-0.011994297792852548,-0.006778160019074053
2019-08-12,0.0165,-0.002537439673615749,-0.012105624142661253
2019-08-13,0.0168,0.0,0.015100496407123298
2019-08-14,0.0159,0.011322825219473254,-0.028725805348471467
2019-08-15,0.0152,-0.0049815043156595795,0.002218153651151411
2019-08-16,0.0155,0.02359472588480216,0.014614438784472217
2019-08-19,0.016,0.01864406779661021,0.012153318790900647
2019-08-20,0.0155,4.753981459471035e-05,-0.007868089764641484
2019-08-21,0.0159,0.01083856246434678,0.008240810978553448
2019-08-22,0.016200000000000003,-0.0008465011286680202,-0.000273588454567375
2019-08-23,0.0152,-0.046220465028711355,-0.025484897205213297
2019-08-26,0.0154,0.01899921042242414,0.01077646728447057
2019-08-27,0.0149,-0.011283839411109553,-0.004341031429067499
2019-08-28,0.0147,0.006710423197492155,0.007464248343215907
2019-08-29,0.015,0.016931834768646903,0.012948345104556225
2019-08-30,0.015,-0.0024879192383138182,-0.00043509467496061216
2019-09-03,0.0147,-0.013381936783538828,-0.005822138075661454
2019-09-04,0.0147,0.01696645600388913,0.011074806534823844
2019-09-05,0.015700000000000002,0.019551603805153306,0.01285845494438198
2019-09-06,0.0155,-9.377344336092275e-05,0.001007556675062915
2019-09-09,0.0163,0.004267091812810708,0.0005032712632107028
2019-09-10,0.0172,0.011813045711350778,-0.00036887994634482446
2019-09-11,0.0175,0.03179510844485467,0.00744741521017156
2019-09-12,0.0179,-0.002258598327295469,0.003496387066697748
2019-09-13,0.019,-0.01943205504628287,-0.0012277674542076067
2019-09-16,0.0184,0.005257142857142849,-0.0025914482208712064
2019-09-17,0.0181,0.0036380172805821065,0.0024649412078212585
2019-09-18,0.018000000000000002,0.009379247847757233,0.0004984216647285766
2019-09-19,0.0179,-0.008124971944157622,-9.96346728662223e-05
2019-09-20,0.0174,-0.014618030412744454,-0.009931245225362928
2019-09-23,0.0172,0.004546915905019988,0.0007380568974773016
2019-09-24,0.016399999999999998,-0.004754937820043881,-0.007978545088836775
2019-09-25,0.0173,0.015389562660786504,0.00571100297377658
2019-09-26,0.017,-0.005157670904402223,-0.002049662309734246
2019-09-27,0.0169,-0.004866069398335449,-0.0053535353535352215
2019-09-30,0.0168,0.02353532583858886,0.004673166108120963
2019-10-01,0.0165,0.0027682278876635102,-0.011693433583622181
2019-10-02,0.016,-0.02506790150941718,-0.017591708714032372
2019-10-03,0.0154,0.008494702228717399,0.007946973903386834
2019-10-04,0.0152,0.028031881170183848,0.01325529351007071
2019-10-07,0.015600000000000001,0.00022025461433416993,-0.004077471967380175
2019-10-08,0.0154,-0.011714965207434092,-0.015148413510747138
2019-10-09,0.0159,0.011720142602495542,0.008522136769902211
2019-10-10,0.0167,0.013478394925780846,0.007453970871118543
2019-10-11,0.0176,0.026598287626580897,0.010092400013638203
2019-10-15,0.0177,-0.0023317929367873136,0.009627402628112014
2019-10-16,0.0175,-0.004037055923848287,-0.001405246252676684
2019-10-17,0.0176,0.0038827494986559685,0.0025128995510286245
2019-10-18,0.0176,0.004802788167290073,-0.0037431904013903727
2019-10-21,0.018000000000000002,0.017342751998646433,0.006508101580059655
2019-10-22,0.0178,-0.00228680720136365,-0.003466320034663073
2019-10-23,0.0177,0.013418903150525185,0.002809458510317997
2019-10-24,0.0177,0.0016448721111934628,0.0019677817429877287
2019-10-25,0.018000000000000002,0.012316282124969158,0.0038945476333132056
2019-10-28,0.018500000000000003,0.01001703301159873,0.005802579661129403
2019-10-29,0.0184,-0.023127885966673478,-0.0006593261686556051
2019-10-30,0.0178,-0.00012330963048212684,0.003529722240548816
2019-10-31,0.0169,0.02260955356408778,-0.0028927385687518292
2019-11-01,0.0173,0.028380768612317198,0.009362740249893031
2019-11-04,0.0179,0.006567117504495457,0.003919391187902077
2019-11-05,0.018600000000000002,-0.0014368932038835158,-0.0010736246217912804
2019-11-06,0.0181,0.0004277991677361648,9.770713913481721e-05
2019-11-07,0.0192,0.008513450474265216,0.0037125085485394393
2019-11-08,0.0194,0.0027367690706547876,0.0023360695629603967
2019-11-12,0.0192,-0.0009153318077803618,0.0019457776624722811
2019-11-13,0.018799999999999997,0.009581615513819086,0.0006149663386845194
2019-11-14,0.0182,-0.006919499376110916,0.0012615235322659402
2019-11-15,0.0184,0.011879378617118519,0.007333462557343129
2019-11-18,0.0181,0.005042143287176559,0.0005452038100126622
2019-11-19,0.0179,-0.003032572070385653,-0.0002243733572664386
2019-11-20,0.0173,-0.011641443538998875,-0.0035266583309289112
2019-11-21,0.0177,-0.0044834530187317645,-0.0016408738457578398
2019-11-22,0.0177,-0.0008778290904928321,0.0023203351595229016
2019-11-25,0.0176,0.017533807013522917,0.00742717510127977
2019-11-26,0.0174,-0.007808687164470363,0.0021064053872914545
2019-11-27,0.0177,0.013432214612735915,0.004554285168317573
2019-11-29,0.0178,-0.002202807646355942,-0.0034557098471880154
2019-12-02,0.0183,-0.011562207670720248,-0.008494257627334245
2019-12-03,0.0172,-0.01783010296789833,-0.006898543284348468
2019-12-04,0.0177,0.00882636346116783,0.006429517624632508
2019-12-05,0.018000000000000002,0.014671047604492893,0.001894060995184521
2019-12-06,0.0184,0.01931621357029889,0.008779518728571967
2019-12-09,0.0183,-0.01400022163939263,-0.002985738334974397
2019-12-10,0.018500000000000003,0.0058444477746140144,-0.0009876071235146444
2019-12-11,0.0179,0.008529499404052343,0.0023917341667198944
2019-12-12,0.019,0.002548288215090233,0.008748767219164622
2019-12-13,0.0182,0.01359316289692769,0.0006622934275262171
2019-12-16,0.0189,0.017117935671452145,0.006933719940748206
2019-12-17,0.0189,0.001965268348459892,0.00018623431093311993
2019-12-18,0.0192,-0.002389358439428002,3.285875897152124e-05
2019-12-19,0.0192,0.0010009294344748287,0.004099386656652992
2019-12-20,0.0192,-0.002071280622812588,-3.116526942370523e-05
2019-12-23,0.019299999999999998,0.016318350987689634,0.0012778158698496522
2019-12-24,0.019,0.0009507042253520392,-9.33794005041344e-05
2019-12-26,0.019,0.019840292679494942,0.005291993525090133
2019-12-27,0.018799999999999997,-0.0003794280983754339,-0.0002786895398525502
2019-12-30,0.019,0.005935127674258078,-0.005327551494502147
2019-12-31,0.0192,0.0073065312843030306,0.002242082645657506
2020-01-02,0.018799999999999997,0.02281627788183216,0.009383253068199426
2020-01-03,0.018000000000000002,-0.009721991010487763,-0.007510696586326859
2020-01-06,0.0181,0.007968261439666557,0.004031882889309335
2020-01-07,0.0183,-0.0047031354236157785,-0.003058103975535187
2020-01-08,0.0187,0.016086329970843583,0.005205428518312072
2020-01-09,0.018500000000000003,0.02124080609518786,0.006688860119598017
2020-01-10,0.0183,0.0022607628459774265,-0.0029088459536421585
2020-01-13,0.018500000000000003,0.021364354074694614,0.007001596855423342
2020-01-14,0.0182,-0.013503281171125647,-0.0015247621371066167
2020-01-15,0.0179,-0.004285531533836595,0.0022600940687802495
2020-01-16,0.0181,0.012526498361919547,0.00822769380789845
2020-01-17,0.0184,0.011070930085014696,0.0034757903645046273
2020-01-21,0.0178,-0.006776895805227112,-0.0021686093792354644
2020-01-22,0.0177,0.0035695106927378095,0.0001811102055599978
2020-01-23,0.0174,0.004815864022662986,0.0013580805794477513
2020-01-24,0.017,-0.0028819346552643177,-0.009162145871006722
2020-01-27,0.0161,-0.02940529672332004,-0.015969095997079963
2020-01-28,0.0165,0.028289367211522976,0.01041698865568308
2020-01-29,0.016,0.02093235544083849,-0.0007953989231521685
2020-01-30,0.015700000000000002,-0.0014490966269962158,0.0030616618700629594
2020-01-31,0.0151,-0.044338777904714854,-0.017917099078200383
2020-02-03,0.0154,-0.0027462763723303807,0.007365967365967396
2020-02-04,0.0161,0.03301367200155503,0.015241268665926233
2020-02-05,0.0166,0.00815430453191146,0.011487266759861336
2020-02-06,0.0165,0.01169699797791246,0.003274846773224427
2020-02-07,0.0159,-0.015928169490483146,-0.005060940915760814
2020-02-10,0.015600000000000001,0.00474955472924421,0.007554779677341639
2020-02-11,0.0159,-0.0060332763178354565,0.0015533980582522755
2020-02-12,0.016200000000000003,0.023747692500234674,0.006472395382825846
2020-02-13,0.0161,-0.00712102689486549,-0.0008001422475105713
2020-02-14,0.0159,0.00024625234709252375,0.0012753210546607718
2020-02-18,0.0155,-0.01831050930912448,-0.002577014218009488
2020-02-19,0.015600000000000001,0.014482758620689706,0.004721884002019339
2020-02-20,0.0152,-0.010258945677028564,-0.003931189406479074
2020-02-21,0.0146,-0.022635029659693995,-0.010504762752604035
2020-02-24,0.0138,-0.04750039929723693,-0.03307842255210669
2020-02-25,0.013300000000000001,-0.03387215775705954,-0.030488183115191525
2020-02-26,0.013300000000000001,0.015863648986392587,-0.003135097092037409
2020-02-27,0.013000000000000001,-0.06536818725439941,-0.04463913224864424
2020-02-28,0.0113,-0.0005849663644339476,-0.004904266039637117
2020-03-02,0.011000000000000001,0.09310067310506298,0.04273561976775575
2020-03-03,0.0102,-0.03226130316923792,-0.027775979281320806
2020-03-04,0.0102,0.04692741294048486,0.042388119339371366
2020-03-05,0.0092,-0.032437074717579395,-0.033668743012298386
2020-03-06,0.0074,-0.013553188583913744,-0.016792833294767107
2020-03-09,0.0054,-0.07883716906039095,-0.07097468311871702
2020-03-10,0.0076,0.07202164030506797,0.04375361899247254
2020-03-11,0.008199999999999999,-0.03473049695100572,-0.04909677195658968
2020-03-12,0.0088,-0.0987546745089497,-0.06931631722880582
2020-03-13,0.009399999999999999,0.11980824235587972,0.058611502899232004
2020-03-16,0.0073,-0.12864697629240573,-0.10782753515914134
2020-03-17,0.0102,0.04302051938400564,0.0544458963350134
2020-03-18,0.0118,-0.023591814115504928,-0.07278020378457062
2020-03-19,0.011200000000000002,-0.0076620586208293595,0.020620306334591998
2020-03-20,0.0092,-0.063485578887164,-0.04635210974849302
2020-03-23,0.0076,-0.021244110975397024,-0.029293809938971238
2020-03-24,0.0084,0.09907741676694748,0.08676127178013293
2020-03-25,0.0088,-0.004379562043795526,0.01979338842975209
2020-03-26,0.0083,0.052704463994786455,0.05729567648608125
2020-03-27,0.0072,-0.04147643735974604,-0.026558847200398583
2020-03-30,0.006999999999999999,0.028537983369661735,0.029763779527559153
2020-03-31,0.006999999999999999,-0.002040736234841689,-0.01605750114696436
2020-04-01,0.0062,-0.052617090723190096,-0.04398507926639739
2020-04-02,0.0063,0.01668672948403982,0.0239391968785565
2020-04-03,0.0062,-0.014371453068223627,-0.015798039137855824
2020-04-06,0.0067,0.08723747980613905,0.06771526517443038
2020-04-07,0.0075,-0.011582276069646125,0.0016620080078566524
2020-04-08,0.0077,0.02559457271711052,0.03326042687985509
2020-04-09,0.0073,0.007216146126959089,0.015401459854014643
2020-04-13,0.0076,0.019627598044703154,-0.009309179785781163
2020-04-14,0.0076,0.05050320219579141,0.029641185647425905
2020-04-15,0.0063,-0.009127329733495948,-0.02131782945736438
2020-04-16,0.0060999999999999995,0.007945715993390223,0.00435643564356436
2020-04-17,0.006500000000000001,-0.013568663015800952,0.0271723544594209
2020-04-20,0.0063,-0.020756718528995743,-0.016681789627975285
2020-04-21,0.0058,-0.030910338352652333,-0.030486939239068644
2020-04-22,0.0063,0.027536609904236675,0.02148845041549219
2020-04-23,0.0060999999999999995,-0.00264722947490581,-0.0001075114678900091
2020-04-24,0.006,0.028869577864233165,0.013906311601734611
2020-04-27,0.0067,0.0007067887055165478,0.01488210965392911
2020-04-28,0.0062,-0.016209344210191823,-0.0049111807732498125
2020-04-29,0.0063,0.03284514322636234,0.02611221953866072
2020-04-30,0.0064,0.021614013137316146,-0.008596281767013436
2020-05-01,0.0064,-0.016598117360494546,-0.026838247944121485
2020-05-04,0.0064,0.014148822084616208,0.002687126542445961
2020-05-05,0.0066,0.015008868877063541,0.009027116612010389
2020-05-06,0.0072,0.010317246941793146,-0.006325353835401004
2020-05-07,0.0063,0.010344942287862091,0.011816838995568624
2020-05-08,0.0069,0.02103772963718975,0.016718804310045243
2020-05-11,0.0073,0.015735336794247656,0.0003760555194693982
2020-05-12,0.0069,-0.01142820862829741,-0.020743626546374072
2020-05-13,0.0064,-0.012074114511415934,-0.017658349328214973
2020-05-14,0.0063,0.006143344709897747,0.012611460442644606
2020-05-15,0.0064,-0.005973379853977057,0.004385349424642193
2020-05-18,0.0073,0.023624350403489203,0.03021411855111933
2020-05-19,0.006999999999999999,-0.005778511557023136,-0.009256119888791048
2020-05-20,0.0068000000000000005,0.01944817014753797,0.01649498648232428
2020-05-21,0.0068000000000000005,-0.007455439651661844,-0.007406659260007387
2020-05-22,0.0066,0.006438377781284421,0.002204660312722595
2020-05-26,0.0069,-0.006773495562733101,0.012589684581020721
2020-05-27,0.0068000000000000005,0.004357023332175691,0.014538770053476036
2020-05-28,0.006999999999999999,0.0004400993367073003,-0.001581288090924171
2020-05-29,0.006500000000000001,-0.0009740769835034913,0.004685386214406062
2020-06-01,0.0066,0.012297917846134654,0.003152812900259372
2020-06-02,0.0068000000000000005,0.004629485785303533,0.008610247176297214
2020-06-03,0.0077,0.005505041133172517,0.013016099714359797
2020-06-04,0.008199999999999999,-0.008612204724409489,-0.0024031529366529414
2020-06-05,0.0091,0.028481012658227778,0.025888096614633538
2020-06-08,0.0088,0.006274509803921413,0.011740763932373222
2020-06-09,0.0084,0.031206906888902264,-0.006838929289803453
2020-06-10,0.0075,0.025727492078257974,-0.005951268149810063
2020-06-11,0.0066,-0.047780863847636246,-0.05748675673134185
2020-06-12,0.0070999999999999995,0.00839035540700217,0.012271774917689271
2020-06-15,0.0070999999999999995,0.012367178276269097,0.008969051843090936
2020-06-16,0.0075,0.02650223038572541,0.01836475529940418
2020-06-17,0.0074,-0.0013917291524653264,-0.0034852118305355173
2020-06-18,0.0070999999999999995,0.0003981910748316331,0.0003208624783417324
2020-06-19,0.006999999999999999,-0.005714610638842266,-0.010328457788042034
2020-06-22,0.0070999999999999995,0.02616378817339582,0.006903480910092741
2020-06-23,0.0072,0.02134477666007184,0.00428106994560129
2020-06-24,0.0069,-0.017652033939922984,-0.02496794871794883
2020-06-25,0.0068000000000000005,0.013275565183580529,0.0100259689030604
2020-06-26,0.0064,-0.03072579760991112,-0.023335286076938133
2020-06-29,0.0064,0.02304668721545111,0.014895531340597845
2020-06-30,0.0066,0.008347614572392192,0.014381402679275013
2020-07-01,0.0069,-0.001891447368421062,0.005276105392632902
2020-07-02,0.0068000000000000005,0.0,0.005216215345976716
2020-07-06,0.0069,0.026750157919310125,0.015439315801274889
2020-07-07,0.006500000000000001,-0.0031028487361242085,-0.01022049777609546
2020-07-08,0.0067,0.02329013389143797,0.007617044331835521
2020-07-09,0.0062,0.0035660906730996533,-0.004934210526315819
2020-07-10,0.006500000000000001,0.0024821675855040137,0.009663064208518701
2020-07-13,0.0064,-0.004613219349457798,-0.00890945724719805
2020-07-14,0.0063,0.016548401455840356,0.013087258981608008
2020-07-15,0.0064,0.006877366509543181,0.009563227040416455
2020-07-16,0.0062,-0.012304937324123855,-0.003478476924032581
2020-07-17,0.0064,-0.0020202543448417654,0.0026179642211554555
2020-07-20,0.0062,0.021073940463522955,0.007988809449797962
2020-07-21,0.0060999999999999995,-0.013801692804310872,0.0019428254232582987
2020-07-22,0.006,0.002809278350515365,0.00590951061865197
2020-07-23,0.0059,-0.045516461487059456,-0.011841380576464111
2020-07-24,0.0059,-0.00247724702461094,-0.0063167673014397074
2020-07-27,0.0062,0.023700264535982285,0.0073540868156178885
2020-07-28,0.0059,-0.016427592026157622,-0.006093977170785969
2020-07-29,0.0058,0.019168386906517343,0.011546840958605697
2020-07-30,0.0055000000000000005,0.01210016835016825,-0.0031691332574381725
2020-07-31,0.0055000000000000005,0.1046886370724609,0.007469596888696639
2020-08-03,0.005600000000000001,0.025197628458498045,0.006954656862745212
2020-08-04,0.0052,0.006678141135972426,0.004046612103325575
2020-08-05,0.0055000000000000005,0.0036246751470385696,0.006151515151515019
2020-08-06,0.0055000000000000005,0.034889267461669426,0.006896967141523325
2020-08-07,0.005699999999999999,-0.024494633568183377,0.0007477865518066285
2020-08-10,0.0059,0.014534818314771103,0.002959022028275138
2020-08-11,0.0064,-0.029739859395444768,-0.008165454762188662
2020-08-12,0.0069,0.03323428571428577,0.013490775794723797
2020-08-13,0.0070999999999999995,0.01769754888947883,-0.0014823159704722144
2020-08-14,0.0070999999999999995,-0.0008912268498392217,0.00011876131943822088
2020-08-17,0.0069,-0.0026107956399712418,0.003176488051061188
2020-08-18,0.0067,0.00833278799380488,0.001997514204545414
2020-08-19,0.0068000000000000005,0.0012547322877229927,-0.004326702993251663
2020-08-20,0.006500000000000001,0.022189572845321193,0.0035001334796667116
2020-08-21,0.0064,0.05153244557176073,0.00336969052052849
2020-08-24,0.006500000000000001,0.011960279810243613,0.010163499779054286
2020-08-25,0.0069,-0.008203722463897667,0.003645377661125604
2020-08-26,0.0069,0.013599038654115603,0.010053755629812589
2020-08-27,0.0074,-0.011954395463257383,0.002100054658956685
2020-08-28,0.0074,-0.0016198704103671524,0.0064017913532756765
2020-08-31,0.0072,-0.7415219437934419,-0.002137661522663037
2020-09-01,0.0068000000000000005,0.03983261004339744,0.008173903995362108
2020-09-02,0.0066,-0.020718437919213017,0.014460700918679681
2020-09-03,0.0063,-0.08006088280060886,-0.0342389177706971
2020-09-04,0.0072,0.0006618133686300265,-0.0092032529736924
2020-09-08,0.0069,-0.0672949735449736,-0.026522564626843992
2020-09-09,0.0070999999999999995,0.039886544938840585,0.019503705704083885
2020-09-10,0.0068000000000000005,-0.03324241391067162,-0.016599464343526438
2020-09-11,0.0067,-0.012519837771116205,-0.00011971388381770698
2020-09-14,0.0068000000000000005,0.029955357142857242,0.013020443593043884
2020-09-15,0.0068000000000000005,0.0016037449612067434,0.004963952251507031
2020-09-16,0.0069,-0.029167387917604315,-0.0036457720804422555
2020-09-17,0.0069,-0.016314522599625514,-0.008882200188857436
2020-09-18,0.006999999999999999,-0.03172013775602678,-0.015184446363176285
2020-09-21,0.0068000000000000005,0.030325720703856085,-0.011034858058469599
2020-09-22,0.0068000000000000005,0.015715843023255793,0.00972120322817327
2020-09-23,0.0068000000000000005,-0.0419461586620159,-0.023493793521041417
2020-09-24,0.0067,0.01026885735623595,0.002728343771315256
2020-09-25,0.0066,0.03760857512474591,0.016387360089048286
2020-09-28,0.0067,0.02377771840769416,0.01682282793867107
2020-09-29,0.0066,-0.007567849686847539,-0.005445026178010459
2020-09-30,0.0069,0.015075817337189878,0.005685407454200764
2020-10-01,0.0068000000000000005,0.008980226232622401,0.007926537449150617
2020-10-02,0.006999999999999999,-0.03277706461275143,-0.009169955782413974
2020-10-05,0.0078000000000000005,0.03079101044062993,0.0174913142446389
2020-10-06,0.0076,-0.028669527896995728,-0.01404097492052292
2020-10-07,0.008100000000000001,0.016967126193001114,0.017316017316017396
2020-10-08,0.0078000000000000005,-0.0009558567952728803,0.008510638297872353
2020-10-09,0.0079,0.017395842393667982,0.008962607303943049
2020-10-13,0.0074,-0.026683812891818093,-0.006215234419343796
2020-10-14,0.0073,0.0007431874483898593,-0.006396892937715948
2020-10-15,0.0074,-0.003960722831916841,-0.001120915126605837
2020-10-16,0.0076,-0.01400049705906714,-0.0006330206594925558
2020-10-19,0.0078000000000000005,-0.0255419257267685,-0.014942992053437743
2020-10-20,0.008100000000000001,0.013191929643041833,0.003419752725572156
2020-10-21,0.0083,-0.0054463449919155416,-0.001893387707544547
2020-10-22,0.0087,-0.009583297681184266,0.005807675470596907
2020-10-23,0.0085,-0.006133909287256989,0.002843546889508053
2020-10-26,0.008100000000000001,8.692628650885936e-05,-0.017967710201955867
2020-10-27,0.0079,0.013472403302911662,-0.0031819922807225787
2020-10-28,0.0079,-0.046312178387650005,-0.03437472290367394
2020-10-29,0.0085,0.03705035971223003,0.01034588307315576
2020-10-30,0.0088,-0.05601803676725625,-0.01027023751817735
2020-11-02,0.0087,-0.0008267499540695056,0.010713520462824144
2020-11-03,0.009000000000000001,0.015353498207226313,0.017353644871134888
2020-11-04,0.0078000000000000005,0.04083665338645415,0.022683972374374806
2020-11-05,0.0079,0.03549369290996074,0.019357280083832862
2020-11-06,0.0083,-0.002856422750567078,-2.8555926782525276e-05
2020-11-09,0.0096,-0.01996798382340559,0.012679193557598945
2020-11-10,0.0098,-0.0027510316368637433,-0.0015227567537082765
2020-11-12,0.0088,-0.0023432923257176164,-0.009475218658892226
2020-11-13,0.0089,0.0004194279003439938,0.01347144393502031
2020-11-16,0.0091,0.008720442730169253,0.012510471935213596
2020-11-17,0.0087,-0.0075644222776392045,-0.004854101163881075
2020-11-18,0.0088,-0.01139123879721915,-0.012665595033534705
2020-11-19,0.0086,0.005168177581970745,0.0047999999999999154
2020-11-20,0.0083,-0.010957518543492917,-0.007291317465638492
2020-11-23,0.0086,-0.02974262825975804,0.006134796679330146
2020-11-24,0.0088,0.011594202898550732,0.015690990965793183
2020-11-25,0.0088,0.007467222366935866,-0.001789943272566985
2020-11-27,0.0084,0.004826338016030274,0.0033656100857952786
2020-11-30,0.0084,0.021099579723818485,-0.004124164856616486
2020-12-01,0.0092,0.030827383452330936,0.010021810551889665
2020-12-02,0.0095,0.002933507170795213,0.0026787666739558347
2020-12-03,0.0092,-0.0011374715632109789,-0.0004089199062209392
2020-12-04,0.0097,-0.005612493899463167,0.00848174107508104
2020-12-07,0.009399999999999999,0.012269938650306678,-0.00167667261615001
2020-12-08,0.0092,0.005090909090909035,0.002790118105970185
2020-12-09,0.0095,-0.021707670043415228,-0.0092384991490857
2020-12-10,0.0092,0.012820512820512775,0.0002726504348775638
2020-12-11,0.009000000000000001,-0.006734826355079493,-0.0019898056532287045
2020-12-14,0.009000000000000001,-0.005146638346540278,-0.003386682689681564
2020-12-15,0.0092,0.050090326818853725,0.012770622088243533
2020-12-16,0.0092,-0.0005473881764153088,0.0013529602770863125
2020-12-17,0.009399999999999999,0.006963461387997638,0.005755823379992364
2020-12-18,0.0095,-0.015889665889665783,-0.008167871248555891
2020-12-21,0.0095,0.012435355888042121,-0.004063388866314521
2020-12-22,0.009300000000000001,0.02846447789128903,-0.0009519923840608513
2020-12-23,0.0096,-0.006976038823172437,0.0005172883201742806
2020-12-24,0.009399999999999999,0.007712278558338337,0.00419059022014201
2020-12-28,0.009399999999999999,0.03576570432674098,0.00864428366257508
2020-12-29,0.009399999999999999,-0.013314799912210074,-0.0016119499220891287
2020-12-30,0.009300000000000001,-0.008526729443167569,0.0011032775415746876
2020-12-31,0.009300000000000001,-0.00770266227938976,0.00596726070478204
2021-01-04,0.009300000000000001,-0.02471927048006628,-0.014108216432865639
2021-01-05,0.0096,0.012363804960976665,0.006585901292787799
2021-01-06,0.0104,-0.033203572246393365,0.005411954765751403
2021-01-07,0.0108,0.03363334912363802,0.015318282852628373
2021-01-08,0.0113,0.008631225175679935,0.005697254239970473
2021-01-11,0.0115,-0.023248769405528336,-0.006792729943087994
2021-01-12,0.0115,-0.0013955652039073785,-0.00010562450488504904
2021-01-13,0.011000000000000001,0.01622670807453397,0.002746527227591944
2021-01-14,0.0115,-0.015127206050882358,-0.0029496971293125895
2021-01-15,0.0111,-0.013730509657900791,-0.007686618416186675
2021-01-19,0.011000000000000001,0.005427088249174039,0.007905874836957816
2021-01-20,0.011000000000000001,0.032856137057028834,0.013627720261990328
2021-01-21,0.011200000000000002,0.036658335226842365,0.0009119332985929596
2021-01-22,0.011000000000000001,0.016073646525900376,-0.003462189248991221
2021-01-25,0.0105,0.027683900194146682,0.004492973198892525
2021-01-26,0.0105,0.0016792611251050804,-0.002054402662922006
2021-01-27,0.0104,-0.007683710533668564,-0.023713355048859963
2021-01-28,0.010700000000000001,-0.03498521751372663,0.007660483117576389
2021-01-29,0.0111,-0.037420672550879,-0.019548633184996778
2021-02-01,0.0109,0.016217035465292406,0.015885881017993153
2021-02-02,0.011200000000000002,0.0066368381804624565,0.013908834636455536
2021-02-03,0.0115,-0.0077783539521446565,0.0015475409836065435
2021-02-04,0.0115,0.025757802000895946,0.011182694322229292
2021-02-05,0.011899999999999999,-0.004585486571075048,0.003936701976120727
2021-02-08,0.011899999999999999,0.0010968119333139015,0.007455563294894496
2021-02-09,0.0118,-0.006573661529471919,-0.0005377445457338537
2021-02-10,0.0115,-0.004558488346445122,-0.0003586892470087699
2021-02-11,0.0116,-0.00192037816677737,0.0013840120972907766
2021-02-12,0.012,0.0017760674905646923,0.005170074991681872
2021-02-16,0.013000000000000001,-0.016104011228484927,-0.0008911975148321316
2021-02-17,0.0129,-0.017643967264809657,0.00017839849125844687
2021-02-18,0.0129,-0.00863650259859372,-0.004153395336985555
2021-02-19,0.0134,0.0012335209313083517,-0.0019702164679391565
2021-02-22,0.0137,-0.02979902979902982,-0.007614408409178375
2021-02-23,0.0137,-0.0011111111111110628,0.0011367159243567126
2021-02-24,0.0138,-0.0040521214047354315,0.011147811725846335
2021-02-25,0.0154,-0.034702832070203415,-0.02416802776643523
2021-02-26,0.0144,0.0021487603305785363,-0.0061720323247117514
2021-03-01,0.014499999999999999,0.05385122876463799,0.0247888213468066
2021-03-02,0.014199999999999999,-0.020893653650520427,-0.007369745525511617
2021-03-03,0.0147,-0.024456521739130488,-0.0133485099337749
2021-03-04,0.0154,-0.015811895788956254,-0.012375721027792386
2021-03-05,0.015600000000000001,0.010738366769333263,0.018265110508949522
2021-03-08,0.0159,-0.04167352989622797,-0.004797163416414563
2021-03-09,0.0155,0.04060673771055345,0.014172692025568479
2021-03-10,0.015300000000000001,-0.009125820704463772,0.005837832252731712
2021-03-11,0.0154,0.016502750458409654,0.01045224582038573
2021-03-12,0.016399999999999998,-0.007461462774680183,0.001372439383927171
2021-03-15,0.016200000000000003,0.024287484510532753,0.006294416243654899
2021-03-16,0.016200000000000003,0.012742963142188923,-0.001563761097659433
2021-03-17,0.0163,-0.0064505853308910455,0.003410296569494209
2021-03-18,0.0171,-0.033905097787752525,-0.014299740691322005
2021-03-19,0.0174,-0.004480212395254313,-0.005006002094347761
2021-03-22,0.0169,0.0283356946412201,0.007649459660651559
2021-03-23,0.0163,-0.006888726801199452,-0.00743854286078216
2021-03-24,0.016200000000000003,-0.019993471519503814,-0.00513307496855997
2021-03-25,0.0163,0.004163544008660258,0.0053917395454428085
2021-03-26,0.0167,0.005141388174807027,0.015883198193574977
2021-03-29,0.0173,0.0014850259879548577,-0.00037887398651215154
2021-03-30,0.0173,-0.012274487190048533,-0.0027036587831008596
2021-03-31,0.0174,0.018765638031693177,0.004155159745623083
2021-04-01,0.0169,0.0069586573884568015,0.010799081573436453
2021-04-05,0.0173,0.02357723577235782,0.014353111504954885
2021-04-06,0.0167,0.0024622716441620174,-0.0005906093119402156
2021-04-07,0.0168,0.013390381110847116,0.0011572934108143862
2021-04-08,0.016399999999999998,0.019233776387802992,0.004746796527214103
2021-04-09,0.0167,0.0202132555998773,0.0072701458924899764
2021-04-12,0.0169,-0.01221850445505468,0.0003645289071423363
2021-04-13,0.016399999999999998,0.02308441805587269,0.002963754737149049
2021-04-14,0.016399999999999998,-0.01765293230934528,-0.0034152012788839503
2021-04-15,0.015600000000000001,0.018707869423615797,0.010742496050552885
2021-04-16,0.0159,-0.003234200743494453,0.003342390650924454
2021-04-19,0.0161,0.006079140715324671,-0.004913003882471401
2021-04-20,0.0158,-0.013048635824436494,-0.007321596300667088
2021-04-21,0.015700000000000002,0.0027794471153845812,0.00946211514666273
2021-04-22,0.015700000000000002,-0.011611356655929383,-0.009133078568510089
2021-04-23,0.0158,0.018038502349552843,0.010842409100832118
2021-04-26,0.0158,0.0029779630732580387,0.0020876325766665538
2021-04-27,0.0163,-0.0024495249406176756,-0.00021551208064951588
2021-04-28,0.0163,-0.006027234169208806,-0.00028741138149068757
2021-04-29,0.0165,-0.0007486150621351939,0.006372783900335577
2021-04-30,0.0165,-0.015133353311357345,-0.006570489930009971
2021-05-03,0.0163,0.008215426745778132,0.0021567217828899476
2021-05-04,0.0161,-0.035385543986721,-0.006169296987087458
2021-05-05,0.0159,0.001955416503715224,0.00031278571772297425
2021-05-06,0.0158,0.012646370023419173,0.007985568250150399
2021-05-07,0.016,0.0037773666358311697,0.00727802037845704
2021-05-10,0.0163,-0.025804469702787936,-0.009902397422533848
2021-05-11,0.016399999999999998,-0.00741032715806067,-0.008924726037230268
2021-05-12,0.0169,-0.024541339051703637,-0.021245262065135884
2021-05-13,0.0166,0.01726103240514587,0.012012530524653897
2021-05-14,0.0163,0.020089643028653903,0.015355367066393733
2021-05-17,0.016399999999999998,-0.009258532757944304,-0.002640549234240619
2021-05-18,0.016399999999999998,-0.011245743248594287,-0.008327717338981522
2021-05-19,0.0168,-0.0012815378454145154,-0.0030095626425902244
2021-05-20,0.0163,0.021012110032881504,0.010638297872340496
2021-05-21,0.0163,-0.014767103919566371,-0.0004094905455858111
2021-05-24,0.0161,0.013314199154907058,0.010096872138416257
2021-05-25,0.015600000000000001,-0.0015735641227379027,-0.002003960207075939
2021-05-26,0.0158,-0.00039401103230896073,0.0016972246790811774
2021-05-27,0.0161,-0.012376823019314087,0.00033409698358144446
2021-05-28,0.0158,-0.00534802043422733,0.002409466100481872
2021-06-01,0.016200000000000003,-0.002648262579247218,-0.001237535400652079
2021-06-02,0.0159,0.006276150627614996,0.0017156337122024024
2021-06-03,0.0163,-0.012154166000319822,-0.0037108399343467324
2021-06-04,0.015600000000000001,0.01902217905131942,0.00861924885991927
2021-06-07,0.015700000000000002,7.943442688063129e-05,-0.00042609601363508
2021-06-08,0.015300000000000001,0.006671961874503474,9.472836640944671e-05
2021-06-09,0.015,0.003077165851349317,-0.00149183045228507
2021-06-10,0.014499999999999999,-0.008023283253362656,0.004600754144236108
2021-06-11,0.0147,0.009832685750535308,0.0016524633507235542
2021-06-14,0.0151,0.024577934825284586,0.002238929084867225
2021-06-15,0.0151,-0.006437768240343367,-0.0018341720359309477
2021-06-16,0.015700000000000002,0.003933970996606195,-0.005583301922352013
2021-06-17,0.0152,0.012600845178639908,-0.00033166710099263863
2021-06-18,0.014499999999999999,-0.010091812732377137,-0.01670734886366332
2021-06-21,0.015,0.014103939904951845,0.014316012725344551
2021-06-22,0.0148,0.012698412698412431,0.005346195884617266
2021-06-23,0.015,-0.002089864158829724,-0.00120536030819407
2021-06-24,0.0149,-0.002169035153328336,0.005915759583530633
2021-06-25,0.0154,-0.0022487069934786774,0.0035521053869678187
2021-06-28,0.0149,0.012546014574412068,0.002015892735754088
2021-06-29,0.0149,0.011500222584953423,0.00053804945376279
2021-06-30,0.014499999999999999,0.004621139881170633,0.0008417114800094438
2021-07-01,0.0148,0.0022634345794392274,0.005536607017707862
2021-07-02,0.0144,0.019596415822831004,0.007643519271426369
2021-07-06,0.0137,0.014718490997427836,-0.0018214516277783588
2021-07-07,0.013300000000000001,0.0179552175749893,0.003534058623795966
2021-07-08,0.013000000000000001,-0.00919969564916634,-0.008148045850020602
2021-07-09,0.0137,0.013055012566322244,0.010674835236238689
2021-07-12,0.0138,-0.004203707532216994,0.0035819250551065718
2021-07-13,0.014199999999999999,0.007889273356401327,-0.0034089869131509465
2021-07-14,0.0137,0.02410052183466105,0.0014922289308754166
2021-07-15,0.0131,-0.00449212202480731,-0.0034155510728040017
2021-07-16,0.0131,-0.014075969827586188,-0.007843588269120239
2021-07-19,0.011899999999999999,-0.02691440672177059,-0.014767932489451407
2021-07-20,0.0123,0.025974025974026205,0.014330423323999364
2021-07-21,0.013000000000000001,-0.0051317139924734745,0.00809632069781463
2021-07-22,0.0127,0.009628610729023324,0.002094120354389606
2021-07-23,0.013000000000000001,0.011989100817438647,0.010287971340651403
2021-07-26,0.0129,0.002894453419493903,0.002454880210937871
2021-07-27,0.0125,-0.014900328881132907,-0.0045576164346288195
2021-07-28,0.0126,-0.012195952851400294,-0.00041001343932944856
2021-07-29,0.0128,0.004552352048558417,0.004147391928537303
2021-07-30,0.0124,0.0015105740181271532,-0.004856462044706689
2021-08-02,0.012,-0.002331002331002363,-0.002098013728307313
2021-08-03,0.011899999999999999,0.01264431006047273,0.00813546927489206
2021-08-04,0.011899999999999999,-0.0027823018458199567,-0.0049189618043747885
2021-08-05,0.0123,0.0007485539299081356,0.006332862544990547
2021-08-06,0.0131,-0.00625594995240053,0.001652480985150362
2021-08-09,0.013300000000000001,-0.0003421376762008377,-0.0008135777079708584
2021-08-10,0.013600000000000001,-0.0033540967896502627,0.0012439780155157898
2021-08-11,0.013500000000000002,0.0017857142857145014,0.002484864913707252
2021-08-12,0.013600000000000001,0.020773344302755792,0.002996980485826306
2021-08-13,0.0129,0.0014104372355430161,0.0018197748871064956
2021-08-16,0.0126,0.013547954393024808,0.002354682454251966
2021-08-17,0.0126,-0.0061540497617788015,-0.006555249793050999
2021-08-18,0.0127,-0.025501032026100212,-0.01094495991352129
2021-08-19,0.0124,0.0023230390817161606,0.0015483400883464782
2021-08-20,0.0126,0.010156782549420651,0.007957077251852906
2021-08-23,0.0125,0.010257102368580906,0.008796463370624341
2021-08-24,0.0129,-0.0006011622470109002,0.0015874435451415092
2021-08-25,0.013500000000000002,-0.00842133404625045,0.002098354800544655
2021-08-26,0.0134,-0.005527096252359254,-0.005903187721369663
2021-08-27,0.0131,0.00718449234106,0.008940976112580046
2021-08-30,0.0129,0.03041722745625841,0.004397556912826284
2021-08-31,0.013000000000000001,-0.0084247648902821,-0.0014815470004201359
2021-09-01,0.0131,0.004478693275373535,0.0005314908317832767
2021-09-02,0.0129,0.007474919677398217,0.003076582558654284
2021-09-03,0.013300000000000001,0.004230393752033823,-0.00024272380237877478
2021-09-07,0.0138,0.01548930654569003,-0.0035755275006621456
2021-09-08,0.013500000000000002,-0.010083604569532056,-0.0012182696141407323
2021-09-09,0.013000000000000001,-0.006704919089678407,-0.0042802333059812625
2021-09-10,0.013500000000000002,-0.033101836827416076,-0.007884538286783371
2021-09-13,0.013300000000000001,0.0038934013559777103,0.002559267241379226
2021-09-14,0.0128,-0.009562019391507914,-0.005396569483631097
2021-09-15,0.0131,0.0061436672967862815,0.008352657766170557
2021-09-16,0.0134,-0.0016104140106019127,-0.0015852460480485497
2021-09-17,0.0137,-0.018348007258552235,-0.01290337008296627
2021-09-20,0.0131,-0.02136108448582774,-0.016674218396012574
2021-09-21,0.013300000000000001,0.003428011753183302,-0.0009446133996867667
2021-09-22,0.0132,0.016872341908944932,0.009754860134215892
2021-09-23,0.0141,0.006719232087761595,0.012150002283835004
2021-09-24,0.0147,0.0006129537560441989,0.0016471862448665942
2021-09-27,0.0148,-0.010549959161448297,-0.0028609402806876183
2021-09-28,0.0154,-0.023801334525693107,-0.02015181637448027
2021-09-29,0.0155,0.006482982171799101,0.0016831135294659294
2021-09-30,0.0152,-0.009311769236154954,-0.012222350097824797
2021-10-01,0.0148,0.008127208480565473,0.011884233583445925
2021-10-04,0.0149,-0.02460567823343862,-0.012896094325718588
2021-10-05,0.0154,0.01415840160988946,0.010405001866368169
2021-10-06,0.015300000000000001,0.006307136276663572,0.004156084045255026
2021-10-07,0.0158,0.009084507042253387,0.008645665670269143
2021-10-08,0.0161,-0.00272175308814282,-0.0018237359230384165
2021-10-12,0.0159,-0.009103003991317249,-0.002461524304676832
2021-10-13,0.015600000000000001,-0.004239983040067785,0.00359762003597619
2021-10-14,0.0152,0.020225675963380763,0.016820625947883583
2021-10-15,0.0159,0.0075125208681137146,0.007615819209039643
2021-10-18,0.0159,0.011806130903065482,0.0029605041828335565
2021-10-19,0.0165,0.015080177413851814,0.007714841566224706
2021-10-20,0.0165,0.0033611185802635557,0.003927747203976706
2021-10-21,0.0168,0.001473938094600058,0.002608253575296704
2021-10-22,0.0166,-0.005284987958255272,-0.0010361780462531112
2021-10-25,0.016399999999999998,-0.00033627009213810233,0.005362817796610075
2021-10-26,0.0163,0.00457481162540363,0.0009000109757435482
2021-10-27,0.0154,-0.0031476024645057388,-0.004430213176594422
2021-10-28,0.015700000000000002,0.024991602284178738,0.00964885227122525
2021-10-29,0.0155,-0.0181556007078717,0.0020291499389073486
2021-11-01,0.0158,-0.005607476635514086,0.0017201959716930393
2021-11-02,0.015600000000000001,0.007116004296455536,0.0040431266846361336
2021-11-03,0.016,0.009798693507532263,0.006105217579562838
2021-11-04,0.015300000000000001,-0.0034985807644069,0.004712515062833544
2021-11-05,0.014499999999999999,0.002119766825649183,0.0034696194127346036
2021-11-08,0.0151,-0.005552617662612391,0.0008537340191663301
2021-11-09,0.0146,0.0024594522733316637,-0.003305397394067322
2021-11-10,0.015600000000000001,-0.01916318546515494,-0.008044845735803774
2021-11-12,0.0158,0.01433691756272415,0.007546844340944769
2021-11-15,0.0163,6.667111140745696e-05,0.0003424144498898052
2021-11-16,0.0163,0.006666666666666599,0.00395781186487798
2021-11-17,0.016,0.01649006622516569,-0.002429253324241376
2021-11-18,0.0159,0.02853606098117134,0.003396419874396539
2021-11-19,0.0154,0.016975992905555293,-0.0017882613416217996
2021-11-22,0.0163,0.0029274369355341,-0.0028151592057839014
2021-11-23,0.0167,0.002422059371506524,0.0013260046624035127
2021-11-24,0.016399999999999998,0.0032835635958119447,0.002669856254939207
2021-11-26,0.0148,-0.03167839940718786,-0.02230316973415125
2021-11-29,0.0152,0.021873604999681273,0.012266596945334163
2021-11-30,0.0143,0.03157763354967558,-0.019457597933706494
2021-12-01,0.0143,-0.003206291591046573,-0.011107208710158911
2021-12-02,0.0144,-0.006129756630454675,0.01531631520532728
2021-12-03,0.013500000000000002,-0.011724474841230959,-0.008701355487538143
2021-12-06,0.0143,0.021502718734552673,0.011843324070398342
2021-12-07,0.0148,0.035446406968304034,0.020684844918154255
2021-12-08,0.0152,0.022783035401331864,0.002647988383018829
2021-12-09,0.0149,-0.002970070824765858,-0.006751576077696275
2021-12-10,0.0148,0.02801329055911994,0.009413530610056897
2021-12-13,0.014199999999999999,-0.020674282529952515,-0.008815906870034529
2021-12-14,0.0144,-0.008023216114714904,-0.006922565850103868
2021-12-15,0.0147,0.028509149314518423,0.015625
2021-12-16,0.0144,-0.0392638036809817,-0.008818529536761655
2021-12-17,0.0141,-0.006501799605247882,-0.01410654946939649
2021-12-20,0.0143,-0.008122005375715724,-0.010633439885184948
2021-12-21,0.0148,0.019086892488954454,0.0177590223746098
2021-12-22,0.0146,0.015318804555176424,0.009998704271584558
2021-12-23,0.015,0.0036438168982009245,0.006222070174688454
2021-12-27,0.0148,0.022974812797821764,0.014152146196344972
2021-12-28,0.0149,-0.005767204569400608,-0.0008171646482001416
2021-12-29,0.0155,0.0005019800323498025,0.0012791746178204555
2021-12-30,0.0152,-0.006578213847697634,-0.002764513696908777
2021-12-31,0.0152,-0.0035353535353535026,-0.002520161290322731
2022-01-03,0.0163,0.025004223686433402,0.005789961259895504
2022-01-04,0.0166,-0.012691610351079574,-0.0003349312344308464
2022-01-05,0.0171,-0.02707289927657197,-0.019202177782431162
2022-01-06,0.0173,-0.016215288700775043,-0.0009394081728510972
2022-01-07,0.0176,0.000988372093023271,-0.003953498311749404
2022-01-10,0.0178,0.00011616425625837756,-0.001244394859361897
2022-01-11,0.0175,0.016783785353388758,0.009065326201370683
2022-01-12,0.0174,0.0025702535983549435,0.0027462584889190733
2022-01-13,0.017,-0.019028086367002817,-0.013778608127043457
2022-01-14,0.0178,0.005110633602415815,0.0004090155641187643
2022-01-18,0.0187,-0.01889408909689716,-0.017709588569461254
2022-01-19,0.0183,-0.02102473498233226,-0.010383579048829139
2022-01-20,0.0183,-0.01034710942669792,-0.011068068622025473
2022-01-21,0.0175,-0.012765181447936258,-0.019630665920537194
2022-01-24,0.0175,-0.004864232497998833,0.004246769258870131
2022-01-25,0.0178,-0.011384729612671673,-0.012208985085485513
2022-01-26,0.018500000000000003,-0.0005632745024408692,-0.0025088038299537763
2022-01-27,0.0181,-0.0029432024547560998,-0.004937929761410276
2022-01-28,0.0178,0.0697776661223466,0.02483535850106655
2022-01-31,0.0179,0.026125755885633595,0.018011087227062017
2022-02-01,0.0181,-0.000972651333104424,0.006756906936942864
2022-02-02,0.0178,0.007044270087623872,0.009714096478640188
2022-02-03,0.0182,-0.01671974522292996,-0.023504974308516502
2022-02-04,0.019299999999999998,-0.0029496818970504712,0.004702194357366629
2022-02-07,0.0192,-0.004234584372643346,-0.003209271227991972
2022-02-08,0.0196,0.01846673657229414,0.008227876402987055
2022-02-09,0.0194,0.008293771091917757,0.014636093493591185
2022-02-10,0.0203,-0.02359882005899705,-0.017965642348210076
2022-02-11,0.0192,-0.020218452242621532,-0.019718686014421838
2022-02-14,0.019799999999999998,0.0014231499051233776,-0.003269309358398087
2022-02-15,0.020499999999999997,0.023152534343912734,0.01612682793494602
2022-02-16,0.0203,-0.0013889692690548516,0.00112082492714638
2022-02-17,0.0197,-0.02126919733410615,-0.021361397223466194
2022-02-18,0.0192,-0.009355755566082369,-0.006475083512561208
2022-02-22,0.0194,-0.01781231320980281,-0.010731639914331126
2022-02-23,0.0199,-0.025864167478091504,-0.017738668901459587
2022-02-24,0.0196,0.015243331042668729,0.014314492238416854
2022-02-25,0.0197,0.014399113900683158,0.02280427112783001
2022-02-28,0.0183,0.0016378525932667642,-0.002558537978298081
2022-03-01,0.0172,-0.011627906976744318,-0.015230286512607827
2022-03-02,0.018600000000000002,0.020588235294117796,0.018396204474626643
2022-03-03,0.018600000000000002,-0.001981268011527426,-0.004978419237708143
2022-03-04,0.0174,-0.01840822956145105,-0.008124670078721974
2022-03-07,0.0178,-0.023717595146166448,-0.029479140153180428
2022-03-08,0.018600000000000002,-0.01167608286252364,-0.00758171804591945
2022-03-09,0.0194,0.03499745934959342,0.026810810810810937
2022-03-10,0.019799999999999998,-0.027186253451979003,-0.00451557052946816
2022-03-11,0.02,-0.023908655059298622,-0.01271505123625083
2022-03-14,0.021400000000000002,-0.026562399017643568,-0.007308305758564004
2022-03-15,0.0215,0.0296773336874252,0.021990407673860846
2022-03-16,0.0219,0.02901541040686051,0.022174249712556104
2022-03-17,0.022000000000000002,0.006454038473588497,0.012510903998898204
2022-03-18,0.021400000000000002,0.020918939110945,0.007821887682227358
2022-03-21,0.0232,0.00853762653982204,-0.00029245028345181723
2022-03-22,0.023799999999999998,0.020800580481315833,0.01170143342559471
2022-03-23,0.0232,0.008233621608814135,-0.01287840032029175
2022-03-24,0.023399999999999997,0.022677868515363242,0.015074357818837258
2022-03-25,0.0248,0.0037341299477222645,0.004883571222446648
2022-03-28,0.0246,0.005036630036630019,0.006958404205968716
2022-03-29,0.0241,0.01913439635535319,0.012482449982450072
2022-03-30,0.0235,-0.006649530621367861,-0.0059367755075508954
2022-03-31,0.0232,-0.01777577769027394,-0.015584472198609478
2022-04-01,0.0239,-0.001718114655518077,0.0028341156673457046
2022-04-04,0.0242,0.023693419769376334,0.008566634284200347
2022-04-05,0.0254,-0.0189419412687738,-0.012631348511383589
2022-04-06,0.026099999999999998,-0.019764652119273474,-0.009999334855774533
2022-04-07,0.026600000000000002,0.0033216783216782897,0.0050389680193496655
2022-04-08,0.027200000000000002,-0.012081082650868269,-0.0026739755331238735
2022-04-11,0.0279,-0.025280733729202254,-0.01709229841142168
2022-04-12,0.027200000000000002,0.011279329271970617,-0.0037052191307510585
2022-04-13,0.027000000000000003,0.016342598115233198,0.011453603778320165
2022-04-14,0.028300000000000002,-0.029988262910798147,-0.012451783176558151
2022-04-18,0.0285,-0.0013309940105269424,0.0004111560337147768
2022-04-19,0.029300000000000003,0.014115223844429758,0.016142658172934254
2022-04-20,0.0285,-0.0010155316606930143,-0.0007415063814489864
2022-04-21,0.028999999999999998,-0.004843628535549871,-0.01495356524476621
2022-04-22,0.028999999999999998,-0.027821175339502457,-0.027439163584896953
2022-04-25,0.0281,0.006737128376290258,0.005797577692235434
2022-04-26,0.0277,-0.037328094302553905,-0.028960817717206044
2022-04-27,0.0282,-0.0014668367346939437,0.0028118240807497585
2022-04-28,0.0285,0.04515552149198432,0.02525942435353623
2022-04-29,0.028900000000000002,-0.036604742116841726,-0.03695565788550992
2022-05-02,0.029900000000000003,0.001966381224230984,0.006019417475728206
2022-05-03,0.0297,0.009622689288427244,0.004584057131827857
2022-05-04,0.029300000000000003,0.04100827689992492,0.030452951630721925
2022-05-05,0.0305,-0.05571617877364177,-0.035542814524775035
2022-05-06,0.031200000000000002,0.00325317343879572,-0.005968922935646881
2022-05-09,0.0305,-0.033189216683621514,-0.032017309281859196
2022-05-10,0.029900000000000003,0.016112061028541236,0.002310570861692174
2022-05-11,0.0291,-0.05184130476991777,-0.015886140970708285
2022-05-12,0.028399999999999998,-0.02689419795221837,-0.0010439210693826695
2022-05-13,0.029300000000000003,0.03177609427609429,0.023907835041035996
2022-05-16,0.0288,-0.01053776599360945,-0.004057552524146302
2022-05-17,0.0298,0.025422564243507084,0.02057037166637521
2022-05-18,0.028900000000000002,-0.05641919056553213,-0.04031152037617547
2022-05-19,0.028399999999999998,-0.024641386166737722,-0.006124636349716828
2022-05-20,0.0278,0.00174736075718962,0.00043650182303700547
2022-05-23,0.0286,0.040119194708917894,0.018710058260400952
2022-05-24,0.0276,-0.01921598770176791,-0.007633780106822585
2022-05-25,0.0275,0.0011399259048161525,0.008834953921145638
2022-05-26,0.0275,0.023199544548818674,0.019981377557440227
2022-05-27,0.0274,0.04075671164278738,0.024549110557351206
2022-05-31,0.0285,-0.00534616412723854,-0.0056109425420218795
2022-06-01,0.0294,-0.000873421123353868,-0.008088538008863555
2022-06-02,0.0292,0.01681124335955886,0.0189213603847751
2022-06-03,0.0296,-0.038555651081277786,-0.01629366943020072
2022-06-06,0.0304,0.005227679185582534,0.0030447703025284767
2022-06-07,0.0298,0.0175858765567265,0.00959226790354295
2022-06-08,0.030299999999999997,-0.005043373007867613,-0.01087217972771437
2022-06-09,0.0304,-0.03595566369289016,-0.023782889937259966
2022-06-10,0.0315,-0.038628715647784584,-0.02899561578318055
2022-06-13,0.034300000000000004,-0.038284839203675314,-0.037968188814776815
2022-06-14,0.0349,0.0066727327873823405,-0.0030133333333333123
2022-06-15,0.0333,0.02011147936125357,0.01425629229411296
2022-06-16,0.032799999999999996,-0.03965148046961531,-0.03309599156118148
2022-06-17,0.0325,0.011533138551437894,-0.0021546433928814057
2022-06-21,0.0331,0.03276071754332621,0.02517356365822976
2022-06-22,0.0316,-0.0038271877529992837,-0.0018129949076172158
2022-06-23,0.030899999999999997,0.021573697820465476,0.009802612249258935
2022-06-24,0.0313,0.024517248860924212,0.03179389514891806
2022-06-27,0.032,0.0,-0.003819729286300255
2022-06-28,0.032,-0.029789637159395754,-0.0204328469595203
2022-06-29,0.031,0.013023864959254894,-0.0008143964271640769
2022-06-30,0.0298,-0.018027723910076787,-0.00812430982804857
2022-07-01,0.0288,0.01616442363955528,0.010576540755467212
2022-07-05,0.0282,0.018930396602605537,0.0018885741265344258
2022-07-06,0.029300000000000003,0.009607233681830918,0.0033773169965440886
2022-07-07,0.0301,0.023999440246291748,0.014977168949771746
2022-07-08,0.030899999999999997,0.004714724974376416,-0.0008226432556106555
2022-07-11,0.029900000000000003,-0.014757889009793135,-0.011423572696632078
2022-07-12,0.0296,0.006833712984054774,-0.008848866564297508
2022-07-13,0.0291,-0.002536679007267284,-0.005251687104482317
2022-07-14,0.0296,0.020482507388823956,-0.002428529947469782
2022-07-15,0.029300000000000003,0.011450124604297063,0.019105077928607272
2022-07-18,0.0296,-0.020643270959579074,-0.008256952197959189
2022-07-19,0.0301,0.02672196913034619,0.02701924335646022
2022-07-20,0.0304,0.013509933774834337,0.006373161342952516
2022-07-21,0.0291,0.015094093047569368,0.010183144615852457
2022-07-22,0.0277,-0.00811071773414862,-0.00927806615010418
2022-07-25,0.0281,-0.007398273736128336,0.001214913057784317
2022-07-26,0.0281,-0.008826413860738791,-0.011831028642212527
2022-07-27,0.0278,0.03423482849604231,0.02596638440481991
2022-07-28,0.0268,0.0035716563556349445,0.012467584280869692
2022-07-29,0.026699999999999998,0.032793136320305116,0.014653728696680135
2022-08-01,0.026000000000000002,-0.006153467478924424,-0.0029612369232263624
2022-08-02,0.0275,-0.009287350628444102,-0.006597365922535681
2022-08-03,0.0273,0.03824760952440465,0.015659461843846367
2022-08-04,0.0268,-0.0019262023716366539,-0.0006755941609360994
2022-08-05,0.028300000000000002,-0.0027742596948314713,-0.0016901272424366676
2022-08-08,0.0277,-0.002902933172059252,-0.0011609064744722009
2022-08-09,0.027999999999999997,0.0003032692424334016,-0.00397104046102803
2022-08-10,0.0278,0.026194518554450763,0.021004011182691018
2022-08-11,0.0287,-0.004431576459465902,0.0
2022-08-12,0.028399999999999998,0.021425603893405976,0.01692897449939279
2022-08-15,0.0279,0.006333527019174889,0.004120814797471395
2022-08-16,0.0282,-0.0009238408684103527,0.0019586811546892235
2022-08-17,0.028900000000000002,0.008784603825926274,-0.007097975331626705
2022-08-18,0.0288,-0.0022916069894013402,0.0029063635298254287
2022-08-19,0.0298,-0.01510192362905538,-0.013438033139358208
2022-08-22,0.030299999999999997,-0.023029384328358327,-0.020822475955843966
2022-08-23,0.0305,-0.002029002804798008,-0.0024192572880126217
2022-08-24,0.0311,0.0017939364946482073,0.0032011640596580904
2022-08-25,0.030299999999999997,0.014922700411866607,0.014117533299489837
2022-08-26,0.0304,-0.037699229547726865,-0.03384901432623777
2022-08-29,0.031200000000000002,-0.01369025791468037,-0.006612222743085594
2022-08-30,0.0311,-0.015305490147477951,-0.01097782082805554
2022-08-31,0.0315,-0.010634950600969084,-0.007609050500991921
2022-09-01,0.0326,0.004706780307848879,0.0031378106179462684
2022-09-02,0.032,-0.01361104076981523,-0.01054437213056858
2022-09-06,0.0333,-0.008215133816828146,-0.0037732000815827726
2022-09-07,0.0327,0.009253866563126989,0.01796499129900697
2022-09-08,0.0329,-0.009617850730956667,0.006536276333651836
2022-09-09,0.0333,0.01883982908196291,0.015535241520555632
2022-09-12,0.0337,0.038507974836372805,0.010747663551401887
2022-09-13,0.0342,-0.058679556996879434,-0.04348249263936543
2022-09-14,0.0341,0.00955538221528851,0.0038158229458153947
2022-09-15,0.0345,-0.018929882171141554,-0.011353269133299593
2022-09-16,0.0345,-0.010960162761698644,-0.011688711165795174
2022-09-19,0.0349,0.02508294625082952,0.007754953833385203
2022-09-20,0.035699999999999996,0.015665458311755698,-0.011478574186076562
2022-09-21,0.0351,-0.020267686424474185,-0.01744382826941604
2022-09-22,0.037000000000000005,-0.006375227686703067,-0.00839979861681539
2022-09-23,0.0369,-0.015123739688359339,-0.01675485008818356
2022-09-26,0.0388,0.002260187462607144,-0.009892648457670794
2022-09-27,0.0397,0.006566293029117043,-0.002552770991737785
2022-09-28,0.037200000000000004,-0.01265155508697935,0.019676371842148654
2022-09-29,0.037599999999999995,-0.04911906033101987,-0.020888996842360785
2022-09-30,0.0383,-0.030039303761931535,-0.015463491275944818
2022-10-03,0.036699999999999997,0.030752532561505008,0.026401254269555974
2022-10-04,0.0362,0.025623025623025653,0.030986607021085133
2022-10-05,0.037599999999999995,0.002053388090349051,-0.0023282271079716477
2022-10-06,0.0383,-0.006625683060109244,-0.010315839719960751
2022-10-07,0.038900000000000004,-0.03671869627999724,-0.027893890675241062
2022-10-11,0.0393,-0.010254949437402017,-0.006332981501027679
2022-10-12,0.0391,-0.004604979133688181,-0.0032984849331917365
2022-10-13,0.0397,0.03361283793552117,0.026391070226609914
2022-10-14,0.04,-0.03224001678439059,-0.022788753176489984
2022-10-17,0.04019999999999999,0.029122705593293885,0.025696949361071475
2022-10-18,0.0401,0.009409451583456185,0.011749631972084451
2022-10-19,0.0414,0.000765217391304418,-0.007086465658933561
2022-10-20,0.0424,-0.0032670652022801505,-0.008385345997286242
2022-10-21,0.0421,0.027059069670130498,0.024301469582113322
2022-10-24,0.0425,0.014802743260677431,0.012236501108765951
2022-10-25,0.040999999999999995,0.019337571094011574,0.0159685380209571
2022-10-26,0.0404,-0.019627149796507926,-0.0075340330458277815
2022-10-27,0.039599999999999996,-0.030465349849347012,-0.005340034553164674
2022-10-28,0.04019999999999999,0.07555248618784538,0.023790725827675052
2022-10-31,0.040999999999999995,-0.015410299216643164,-0.007223279008791383
2022-11-01,0.0407,-0.017542715534107245,-0.004375857694000618
